<ImportExportXml xmlns:xsi="http://www.w3.org/2001/XMLSchema-instance">
  <Entities>
    <Entity>
      <Name LocalizedName="Contact" OriginalName="">Contact</Name>
      <EntityInfo>
        <entity Name="Contact" unmodified="1">
          <attributes />
        </entity>
      </EntityInfo>
      <RibbonDiffXml>
        <CustomActions>
          <CustomAction Id="new.contact.btnOpenCustomDialog.Button.CustomAction" Location="Mscrm.Form.contact.MainTab.Save.Controls._children" Sequence="45">
            <CommandUIDefinition>
              <Button Command="new.contact.OpenCustomDialog.Command" Id="new.contact.btnOpenCustomDialog.Button" LabelText="$LocLabels:new.contact.btnOpenCustomDialog.Button.LabelText" Sequence="45" TemplateAlias="o1" />
            </CommandUIDefinition>
          </CustomAction>
        </CustomActions>
        <Templates>
          <RibbonTemplates Id="Mscrm.Templates"></RibbonTemplates>
        </Templates>
        <CommandDefinitions>
          <CommandDefinition Id="new.contact.OpenCustomDialog.Command">
            <EnableRules />
            <DisplayRules />
            <Actions>
              <JavaScriptFunction FunctionName="dialogBox.ContactRibbon.OpenDialog" Library="$webresource:crdfa_/CustomModelDialog/js/invokeDialogBox.js">
                <CrmParameter Value="PrimaryControl" />
              </JavaScriptFunction>
            </Actions>
          </CommandDefinition>
        </CommandDefinitions>
        <RuleDefinitions>
          <TabDisplayRules />
          <DisplayRules />
          <EnableRules />
        </RuleDefinitions>
        <LocLabels>
          <LocLabel Id="new.contact.btnOpenCustomDialog.Button.LabelText">
            <Titles>
              <Title description="Open Dialog" languagecode="1033" />
            </Titles>
          </LocLabel>
        </LocLabels>
      </RibbonDiffXml>
    </Entity>
  </Entities>
  <Roles></Roles>
  <Workflows></Workflows>
  <FieldSecurityProfiles></FieldSecurityProfiles>
  <Templates />
  <EntityMaps />
  <EntityRelationships />
  <OrganizationSettings />
  <optionsets />
  <WebResources>
    <WebResource>
      <WebResourceId>{36ff31ae-2fa3-eb11-b1ac-000d3a36b59c}</WebResourceId>
      <Name>crdfa_/CustomModelDialog/index.html</Name>
      <DisplayName>Custom Model Dialog box</DisplayName>
      <LanguageCode>1033</LanguageCode>
      <WebResourceType>1</WebResourceType>
      <IntroducedVersion>1.0.0.0</IntroducedVersion>
      <IsEnabledForMobileClient>0</IsEnabledForMobileClient>
      <IsAvailableForMobileOffline>0</IsAvailableForMobileOffline>
      <DependencyXml>&lt;Dependencies&gt;&lt;Dependency componentType="WebResource"/&gt;&lt;/Dependencies&gt;</DependencyXml>
      <IsCustomizable>1</IsCustomizable>
      <CanBeDeleted>1</CanBeDeleted>
      <IsHidden>0</IsHidden>
      <FileName>/WebResources/crdfa_CustomModelDialogindexhtml36FF31AE-2FA3-EB11-B1AC-000D3A36B59C</FileName>
    </WebResource>
    <WebResource>
      <WebResourceId>{8415ea5f-30a3-eb11-b1ac-000d3a36b59c}</WebResourceId>
      <Name>crdfa_/CustomModelDialog/css/main.d5b5b7ce.chunk.css</Name>
      <DisplayName>Custom Model Dialog box CSS</DisplayName>
      <LanguageCode>1033</LanguageCode>
      <WebResourceType>2</WebResourceType>
      <IntroducedVersion>1.0.0.0</IntroducedVersion>
      <IsEnabledForMobileClient>0</IsEnabledForMobileClient>
      <IsAvailableForMobileOffline>0</IsAvailableForMobileOffline>
      <DependencyXml>&lt;Dependencies&gt;&lt;Dependency componentType="WebResource"/&gt;&lt;/Dependencies&gt;</DependencyXml>
      <IsCustomizable>1</IsCustomizable>
      <CanBeDeleted>1</CanBeDeleted>
      <IsHidden>0</IsHidden>
      <FileName>/WebResources/crdfa_CustomModelDialogcssmaind5b5b7cechunkcss8415EA5F-30A3-EB11-B1AC-000D3A36B59C</FileName>
    </WebResource>
    <WebResource>
      <WebResourceId>{e952db98-30a3-eb11-b1ac-000d3a36b59c}</WebResourceId>
      <Name>crdfa_/CustomModelDialog/js/main.22991375.chunk.js</Name>
      <DisplayName>Custom Model Dialog JS</DisplayName>
      <LanguageCode>1033</LanguageCode>
      <WebResourceType>3</WebResourceType>
      <IntroducedVersion>1.0.0.0</IntroducedVersion>
      <IsEnabledForMobileClient>0</IsEnabledForMobileClient>
      <IsAvailableForMobileOffline>0</IsAvailableForMobileOffline>
      <DependencyXml>&lt;Dependencies&gt;&lt;Dependency componentType="WebResource"/&gt;&lt;/Dependencies&gt;</DependencyXml>
      <IsCustomizable>1</IsCustomizable>
      <CanBeDeleted>1</CanBeDeleted>
      <IsHidden>0</IsHidden>
      <FileName>/WebResources/crdfa_CustomModelDialogjsmain22991375chunkjsE952DB98-30A3-EB11-B1AC-000D3A36B59C</FileName>
    </WebResource>
    <WebResource>
      <WebResourceId>{8d6c2d05-31a3-eb11-b1ac-000d3a36b59c}</WebResourceId>
      <Name>crdfa_/CustomModelDialog/js/invokeDialogBox.js</Name>
      <DisplayName>Invoke Dialog Box</DisplayName>
      <LanguageCode>1033</LanguageCode>
      <WebResourceType>3</WebResourceType>
      <IntroducedVersion>1.0.0.0</IntroducedVersion>
      <IsEnabledForMobileClient>0</IsEnabledForMobileClient>
      <IsAvailableForMobileOffline>0</IsAvailableForMobileOffline>
      <DependencyXml>&lt;Dependencies&gt;&lt;Dependency componentType="WebResource"/&gt;&lt;/Dependencies&gt;</DependencyXml>
      <IsCustomizable>1</IsCustomizable>
      <CanBeDeleted>1</CanBeDeleted>
      <IsHidden>0</IsHidden>
      <FileName>/WebResources/crdfa_CustomModelDialogjsinvokeDialogBoxjs8D6C2D05-31A3-EB11-B1AC-000D3A36B59C</FileName>
    </WebResource>
  </WebResources>
  <CustomControls />
  <EntityDataProviders />
  <Languages>
    <Language>1033</Language>
  </Languages>
</ImportExportXml>